-- phpMyAdmin SQL Dump
-- version 5.1.1
-- https://www.phpmyadmin.net/
--
-- Host: 127.0.0.1
-- Generation Time: Jan 15, 2023 at 08:42 PM
-- Server version: 10.4.21-MariaDB
-- PHP Version: 7.4.23

SET SQL_MODE = "NO_AUTO_VALUE_ON_ZERO";
START TRANSACTION;
SET time_zone = "+00:00";


/*!40101 SET @OLD_CHARACTER_SET_CLIENT=@@CHARACTER_SET_CLIENT */;
/*!40101 SET @OLD_CHARACTER_SET_RESULTS=@@CHARACTER_SET_RESULTS */;
/*!40101 SET @OLD_COLLATION_CONNECTION=@@COLLATION_CONNECTION */;
/*!40101 SET NAMES utf8mb4 */;

--
-- Database: `beauty-garden`
--

-- --------------------------------------------------------

--
-- Table structure for table `admins`
--

CREATE TABLE `admins` (
  `Email` text NOT NULL,
  `Password` text NOT NULL,
  `Fname` text NOT NULL,
  `Lname` text NOT NULL
) ENGINE=InnoDB DEFAULT CHARSET=utf8mb4;

--
-- Dumping data for table `admins`
--

INSERT INTO `admins` (`Email`, `Password`, `Fname`, `Lname`) VALUES
('apisathan@gmail.com', 'd6a9a933c8aafc51e55ac0662b6e4d4a', 'Apisathan', ''),
('ekanaya-se19051@stu.kln.ac.lk', '536464c6582fd9f32ce8ee25ccb973a6', 'Dinuka', 'Ekanayake'),
('isurusasanga@gmail.com', '25f9e794323b453885f5181f1b624d0b', 'Isuru', 'Sasanga'),
('pereradinithi99@gmail.com', 'fcea920f7412b5da7be0cf42b8c93759', 'Himani', 'Perera'),
('pramudithajayarathna@gmail.com', '827ccb0eea8a706c4c34a16891f84e7b', 'Masith', 'Pramuditha'),
('thakshiladb2000@gmail.com', '25d55ad283aa400af464c76d713c07ad', 'Thakshila', 'Bandara');

-- --------------------------------------------------------

--
-- Table structure for table `cart`
--

CREATE TABLE `cart` (
  `useremail` varchar(100) NOT NULL,
  `item_id` int(11) NOT NULL,
  `no_of_items` int(11) NOT NULL
) ENGINE=InnoDB DEFAULT CHARSET=utf8mb4;

--
-- Dumping data for table `cart`
--

INSERT INTO `cart` (`useremail`, `item_id`, `no_of_items`) VALUES
('alokaperera@gmail.com', 5, 1),
('alokaperera@gmail.com', 7, 1),
('dinukaekanayaka18@gmail.com', 2, 2),
('dinukaekanayaka18@gmail.com', 3, 4),
('pramudithajayarathna@gmail.com', 2, 1),
('pramudithajayarathna@gmail.com', 8, 2),
('pramudithajayarathna@gmail.com', 10, 1);

-- --------------------------------------------------------

--
-- Table structure for table `paymentdetails`
--

CREATE TABLE `paymentdetails` (
  `order_num` int(11) NOT NULL,
  `first_name` varchar(100) NOT NULL,
  `last_name` varchar(100) NOT NULL,
  `payment_type` varchar(100) NOT NULL,
  `address` varchar(200) NOT NULL,
  `city` text NOT NULL,
  `province` text NOT NULL,
  `zipcode` int(11) NOT NULL,
  `itemType` varchar(200) NOT NULL,
  `no_of_products` int(10) UNSIGNED NOT NULL,
  `user_email` varchar(100) NOT NULL
) ENGINE=MyISAM DEFAULT CHARSET=latin1;

--
-- Dumping data for table `paymentdetails`
--

INSERT INTO `paymentdetails` (`order_num`, `first_name`, `last_name`, `payment_type`, `address`, `city`, `province`, `zipcode`, `itemType`, `no_of_products`, `user_email`) VALUES
(15, 'Masith Pramuditha Jayarathna', 'Marappullige', 'paypal', 'erfefef', 'Kirama', 'Southern', 8876, 'cart', 10, 'pramudithajayarathna@gmail.com'),
(16, 'Masith Pramuditha Jayarathna', 'Marappullige', 'mastercard', 'erfefef', 'Kirama', 'Southern', 8876, '7', 8, 'pramudithajayarathna@gmail.com'),
(17, 'Masith Pramuditha Jayarathna', 'Marappullige', 'paypal', 'erfefef', 'Kirama', 'Southern', 8876, '15', 1, 'pramudithajayarathna@gmail.com'),
(18, 'Masith Pramuditha Jayarathna', 'Marappullige', 'mastercard', 'erfefef', 'Kirama', 'Southern', 8876, '10', 1, 'pramudithajayarathna@gmail.com'),
(19, 'Masith Pramuditha Jayarathna', 'Marappullige', 'Cash-on-delivery', 'erfefef', 'Kirama', 'Southern', 8876, '15', 1, 'pramudithajayarathna@gmail.com'),
(26, 'E.M.D.I.', 'Ekanayake', 'Card-payment', '242,kuliyapitiya road,pannala', 'Pannala', 'KURU?ÆGALA', 60160, '9', 1, 'dinukaekanayaka18@gmail.com'),
(27, 'E.M.D.I.', 'Ekanayake', 'Cash-on-delivery', '242,kuliyapitiya road,pannala', 'Pannala', 'KURU?ÆGALA', 60160, '2', 1, 'dinukaekanayaka18@gmail.com'),
(25, 'dinuka', 'Ekanayake', 'Cash-on-delivery', '242,kuliyapitiya road,pannala', 'Pannala', 'KURU?EGALA', 60160, '6', 1, 'dinukaekanayaka18@gmail.com');

-- --------------------------------------------------------

--
-- Table structure for table `products`
--

CREATE TABLE `products` (
  `item_id` int(11) NOT NULL,
  `item_name` text NOT NULL,
  `category` text NOT NULL,
  `item_price` int(11) NOT NULL,
  `img_name1` text NOT NULL,
  `img_name2` text NOT NULL,
  `img_name3` text NOT NULL,
  `img_name4` text NOT NULL,
  `long_description` text NOT NULL,
  `HowToUse` text NOT NULL,
  `ingredients` text NOT NULL,
  `essentials` text NOT NULL
) ENGINE=InnoDB DEFAULT CHARSET=utf8mb4;

--
-- Dumping data for table `products`
--

INSERT INTO `products` (`item_id`, `item_name`, `category`, `item_price`, `img_name1`, `img_name2`, `img_name3`, `img_name4`, `long_description`, `HowToUse`, `ingredients`, `essentials`) VALUES
(1, 'Face Wash with Vitamin E & Canola Oil', 'SkinCare', 1399, 'Images/skincare.jpg', 'https://media-asia-cdn.oriflame.com/productImage/?externalMediaId=product-management-media%2f35764%2f35764_4.png%3fversion%3d1604996100&w=534&q=70', 'https://media-asia-cdn.oriflame.com/productImage/?externalMediaId=product-management-media%2f35764%2f35764_1.png%3fversion%3d1643798705&w=534&q=70', 'https://media-asia-cdn.oriflame.com/productImage/?externalMediaId=product-management-media%2f35764%2f35764.png%3fversion%3d1664442900&q=70', 'Essentials Face Wash with Vitamin E & Canola Oil is the very definition of no-nonsense cleansing. Through a purifying triple-action effect, it’s designed to rid the skin of make-up, daily impurities and dead skin, leaving it feeling cleansed, refreshed an', 'Cleanse daily, mornings and evenings, by applying to your wet face and gently massaging with fingertips. Rinse thoroughly with warm water. Use as needed. Avoid the eye area.', 'All Ingredients\r\nAQUA, SODIUM LAURETH SULFATE, COCAMIDOPROPYL BETAINE, GLYCERIN, LAURETH-3, SODIUM CHLORIDE, SODIUM LAUROYL SARCOSINATE, PHENOXYETHANOL, PARFUM, DMDM HYDANTOIN, DISODIUM EDTA, CANOLA OIL, CITRIC ACID, TOCOPHERYL ACETATE\r\n', 'With its caring formulations Essentials offers protection and nourishment for all ages and skin types. Offering you a complete skin care routine with multi vitamin complex to leave your skin feeling fresh, moisturised and cared for all day long.\n'),
(2, 'ProCeuticals Instant Peptide Ampoules', 'SkinCare', 11849, 'Images/skincare2.jpg', 'https://media-asia-cdn.oriflame.com/productImage/?externalMediaId=product-management-media%2f40880%2f40880_2.png%3fversion%3d1669188908&w=534&q=70', 'https://media-asia-cdn.oriflame.com/productImage/?externalMediaId=product-management-media%2f40880%2f40880_4.png%3fversion%3d1669188909&w=534&q=70', 'https://media-asia-cdn.oriflame.com/productImage/?externalMediaId=product-management-media%2f40880%2f40880_3.png%3fversion%3d1669188908&w=534&q=70', 'If you’ve experienced skin sagging and wrinkles, then it’s time for a targeted solution to restore skin’s youthful firmness. As we age, skin becomes thinner and less elastic, due to physiological changes and the breakdown of collagen and elastin.\r\nThis pr', 'Usage: use one ampoule daily, half in AM, half in PM. Step 1: Take out the ampoule, ampoule opener, plastic dropper, and small cap. Step 2: Place the ampoule opener on the ampoule, gently press', 'All Ingredients\r\nAQUA, BUTYLENE GLYCOL, BIS-PEG-18 METHYL ETHER DIMETHYL SILANE, METHYL GLUCETH-20, DIGLYCERIN, PEG-75, GLYCERIN, PANTHENOL, AMMONIUM ACRYLOYLDIMETHYLTAURATE/VP COPOLYMER, AVENA SATIVA KERNEL EXTRACT, PHENOXYETHANOL, PPG-26-BUTETH-26, CAES', 'NOVAGE. POWERED BY SCIENCE. EMPOWERING YOU TO BE YOUR BEST. NovAge offers a series of scientifically-advanced skin care ranges designed to correct and slow the signs of ageing.'),
(3, 'All-Over Make-Up Remover', 'SkinCare', 1269, 'Images/makeupremove.png', 'https://www.shessperfect.com/wp-content/uploads/2021/06/6bf0b91cf69fd0b6f587a8eba4104d2e.jpg', 'https://scontent.fcmb1-2.fna.fbcdn.net/v/t1.6435-9/95586963_154833699357895_6956993755547172864_n.jpg?_nc_cat=103&ccb=1-7&_nc_sid=973b4a&_nc_ohc=1Hq9eE0Z__0AX8PpjCt&_nc_ht=scontent.fcmb1-2.fna&oh=00_AfB2bIv8euAzM2QyFJXN9XLdXLko0u9w9XyQ37O4JgrLyg&oe=63E0B941', 'https://image.isu.pub/160430173420-53d6dd7c16b69ae155b95eedc8be2f79/jpg/page_5.jpg', 'Water-based make up remover with hydrating ingredients gently cleans away all traces of make up quickly and efficiently, to leave skin feeling perfectly refreshed, soft and moisturised. Ideal for sensitive skin, eyes and contact lens wearers.', 'Saturate a cotton pad with eye makeup remover. A dual phase eye makeup remover works for most eye makeup. It combines the dissolving power of an oil-based . Hold the cotton pad against your closed eye for about 20 seconds, applying gentle pressure. Don\'t scrub your eye at all, just hold the pad in place. Use a downward motion to gently wipe off makeup.', 'AQUA, GLYCERIN, SODIUM CHLORIDE, DISODIUM COCOAMPHODIACETATE, POLYSORBATE 20, PHENOXYETHANOL, IMIDAZOLIDINYL UREA, SODIUM HYALURONATE, METHYLPARABEN, CITRIC ACID, PROPYLPARABEN, CHAMOMILLA RECUTITA FLOWER EXTRACT, ETHYLPARABEN', ''),
(4, 'Clarifying Toning Solution', 'SkinCare', 2990, 'Images/skincare10.png', 'https://media-asia-cdn.oriflame.com/productImage/?externalMediaId=product-management-media%2f41672%2f41672_3.png%3fversion%3d1629970202&w=534&q=70', 'https://media-asia-cdn.oriflame.com/productImage/?externalMediaId=product-management-media%2f41672%2f41672_2.png%3fversion%3d1629970201&w=534&q=70', 'https://media-asia-cdn.oriflame.com/productImage/?externalMediaId=product-management-media%2f41672%2f41672_1.png%3fversion%3d1629969301&w=534&q=70', 'Daily toner designed for oily, blemish-prone skin that targets and prevents blemishes, blackheads and enlarged pores. Contains Salicylic Acid (BHA) and Gluconolactone (PHA) that purify the skin and tighten pores, as well as a Soothing Complex that helps calm the skin. This effective mattifying toner also removes any last traces of impurities and reduces redness of blemish marks.', 'Use daily after cleansing. Apply toner to a cotton pad and sweep over face, avoiding the eye area.', 'AQUA, PROPANEDIOL, GLYCERIN, ALCOHOL DENAT., GLUCONOLACTONE, PEG-8, SODIUM CITRATE, SALICYLIC ACID, PANTHENOL, CITRIC ACID, OCIMUM BASILICUM FLOWER/LEAF EXTRACT, CAMELLIA SINENSIS LEAF EXTRACT, SODIUM BENZOATE, LACTIC ACID, POTASSIUM SORBATE', 'Pure Skin has a wide range of products to target spots and blackheads and help prevent breakouts. All Pure Skin products are anti-bacterial and have detect technology combined with salicylic acid to clear away dead skin cells, limit sebum production and prevent shine.'),
(5, 'Iconic Lipstick SPF 15', 'Make-Up', 3849, 'Images/makeup1.jpg', 'https://media-asia-cdn.oriflame.com/productImage/?externalMediaId=product-management-media%2f42324%2f42324_2.png%3fversion%3d1651610701&w=534&q=70', 'https://media-asia-cdn.oriflame.com/productImage/?q=70&externalMediaId=product-management-media%2f42324%2f42324.png%3fversion%3d1651610700&w=534', 'https://media-asia-cdn.oriflame.com/productImage/?externalMediaId=product-management-media%2f42324%2f42324_3.png%3fversion%3d1651610701&w=534&q=70', 'Lasting, sumptuous hybrid lip colour in one glide, with a luminous satin finish that renews lip appearance, for a youth enhanced look and feel.\r\nExclusive blend of natural oils and extract help reduce visible signs of lip ageing while nourishing and smoothing the lips. SPF 15.', 'Line lips with Giordani Gold Lip Pencil for enhanced longevity and definition and place Giordani Gold Iconic Lipstick SPF 15 at the centre of the upper lip, moving outwards towards each corner. Repeat on bottom lip and continue adding lipstick tip to contour, define and shape lips.', 'All Ingredients\r\nOCTYLDODECANOL, BIS-DIGLYCERYL POLYACYLADIPATE-1, PENTAERYTHRITYL TETRAISOSTEARATE, ETHYLHEXYL METHOXYCINNAMATE, PARAFFIN, CERA MICROCRISTALLINA, PENTAERYTHRITYL TETRACAPRYLATE/TETRACAPRATE, SYNTHETIC WAX, MICA, OCTOCRYLENE, COPERNICIA CERIFERA CERA, HELIANTHUS ANNUUS SEED CERA, PARFUM, SHOREA ROBUSTA RESIN, RHUS VERNICIFLUA PEEL CERA, GLYCERYL CAPRYLATE, PYRUS MALUS SEED OIL, SIMMONDSIA CHINENSIS SEED OIL, HELIANTHUS ANNUUS SEED OIL, POLYETHYLENE, BHT, ARGANIA SPINOSA KERNEL OIL, GERANIUM MACULATUM EXTRACT, MYOSOTIS SYLVATICA FLOWER/LEAF/STEM EXTRACT, ASCORBYL PALMITATE, TOCOPHEROL, +/-: CI 77891, CI 15850, CI 77492, CI 19140, CI 77499, CI 77491, CI 42090\r\n', 'For 40 years, Giordani Gold has strived to create beautiful, premium products infused with the world’s most exclusive raw ingredients. The quest for craftsmanship and perfection reflects our desire to help you live your life beautifully.\r\n'),
(6, 'THE Ordinary Multi-Peptide Serum for Hair Density', 'HairCare', 8950, 'Images/ordinary.png', 'https://theordinary.com/dw/image/v2/BFKJ_PRD/on/demandware.static/-/Sites-deciem-master/default/dw789dc51d/Images/products/The%20Ordinary/lifestyle/mas-rdn-multi-peptide-serum-for-hair-density-lifestyle.jpg?sw=1200&sh=1200&sm=fit', 'https://theordinary.com/dw/image/v2/BFKJ_PRD/on/demandware.static/-/Sites-deciem-master/default/dw703f7197/Images/products/The%20Ordinary/swatch/rdn-multi-peptide-serum-for-hair-density-60ml-swatch.png?sw=1200&sh=1200&sm=fit', 'https://cosmetics.lk/wp-content/uploads/2021/02/ord-013-01.png', 'This concentrated formula is designed to support hair health so that it looks thicker, denser, fuller, and healthier. The Ordinary Multi-Peptide Serum for hair density presents in this formula includes REDENSYL™ complex (with Larix Europaea Wood Extract and Camellia Sinensis Leaf Extract), Procapil™ peptide complex, CAPIXYL™ peptide complex, BAICAPIL™ complex, AnaGain™ (Pisum Sativum Extract) and High-Solubility Caffeine (1% net Caffeine by weight), in an ultra-lightweight, emollient base for efficient penetration. The total concentration of these technologies in the formula by weight is 21.15%.', 'Apply a few drops or as needed once daily, ideally at bedtime, to clean dry scalp. Massage into scalp thoroughly. This formula is a leave-on/in treatment.\r\nDo not wash hair or scalp after application. If irritation occurs, cease use and consult a physician.\r\nUse only as directed on unbroken skin. Advised to do a patch test before use. Keep out of reach of children.', ' Caffeine, Biotinoyl Tripeptide-1, Acetyl Tetrapeptide-3, Larix Europaea Wood Extract, Pisum Sativum Extract, Scutellaria Baicalensis Root Extract, Triticum Vulgare Germ Extract, Glycine Soja Germ Extract, Trifolium Pratense Flower Extract, Camellia Sinensis Leaf Extract', 'Apply a small amount of the product onto a clean area of skin on the upper forearm.\nKeep the area dry.\nIf the product has a specified duration of use, rinse off after this time has elapsed. Otherwise, rinse off after 24 hours.'),
(7, 'Lacoste Magnetic Pour Elle Eau de Parfum 80ml', 'Fragrance', 18000, 'Images/perfume10.png', 'https://image1.lacoste.com/dw/image/v2/AAQM_PRD/on/demandware.static/Sites-INT-Site/Sites-master/en/dw015381d4/82463507_000_31.jpg?imwidth=915&impolicy=product', 'https://image1.lacoste.com/dw/image/v2/AAQM_PRD/on/demandware.static/Sites-INT-Site/Sites-master/en/dwdd5cb9c3/82463506_000_24.jpg?imwidth=915&impolicy=product', 'https://image1.lacoste.com/dw/image/v2/AAQM_PRD/on/demandware.static/Sites-INT-Site/Sites-master/en/dw79bd060b/82463507_000_32.jpg?imwidth=915&impolicy=product', 'Charm and elegance are effortlessly revealed naturally with this new perfume which plays on the desire to seduce and greatly enhances attraction.', 'take a shower or bath and dry your skin. Apply an unscented body lotion and/or Vaseline first. First perfume, then clothes. Spray perfume on your pulse points. Spray but don’t rub.', 'Linalool, Limonene, Coumarin, Citronellol, Benzyl Alcohol, Isoeugenol, Citral, Benzyl Benzoate, Hydroxycitronellal', 'Olfactory family: Oriental Floral\r\nTop notes: Sweet orange, Mango Accord\r\nHeart notes: Jasmine Accord, Rose Accord, Violet Leaves\r\nBase notes: Patchouli, Tonka Bean, Vanilla Accord'),
(8, 'NEUTROGENA Oil-Free Soothing Facial Cleanser', 'SkinCare', 4800, 'Images/skincare7.png', 'https://cosmetics.lk/wp-content/uploads/2020/12/NE003-2-1-1-1-1-1-1-150x150.jpg', 'https://cosmetics.lk/wp-content/uploads/2020/12/NE003-1-600x400.jpg', 'https://cosmetics.lk/wp-content/uploads/2020/12/NE003-3-600x407.jpg', 'With naturally soothing aloe and chamomile, NEUTROGENA Oil-Free Acne Wash Redness Soothing Facial Cleanser’s unique formula powerfully clears away breakouts and also blackheads without over-drying.', 'Cleanse twice a day.\r\nApply NEUTROGENA Oil-Free Acne Wash Redness Soothing Facial Cleanser to hands, add water, and then work into a lather.\r\nMassage face gently.\r\nThen rinse thoroughly.\r\nHowever, skin irritation and dryness is more likely to occur if you use another topical medication at the same time. If irritation occurs, only use one topical medication at a time.\r\nAvoid contact with the eyes. If contact occurs, rinse thoroughly with water.', 'Water, Sodium C14-16 Olefin Sulfonate, Cocamidopropyl Betaine, PEG-120 Methyl Glucose Dioleate, Sodium Chloride, Propylene Glycol, Fragrance, PEG-80 Sorbitan Laurate, Disodium EDTA, Sodium Glycolate, Sodium Hydroxide, C12-15 Alkyl Lactate, Benzalkonium Chloride, Sodium Benzotriazolyl Butylphenol Sulfonate, Ethanol, Tocopheryl Acetate, Tetrasodium EDTA, Aloe Barbadensis Leaf Extract, Chamomilla Recutita (Matricaria) Flower Extract, Citric Acid', 'This salicylic acid face wash visibly reduces the redness on your face as well as calms skin irritation that can be caused by acne, so, your skin looks and feels clearer and also healthier as a result with Neutrogena acne treatment. Discover further Neutrogena acne treatments for a complete acne face care routine.'),
(9, 'Victoria\'s Secret Bombshell Seduction Eau de Parfum', 'Fragrance', 23700, 'Images/perfume2.jpg', 'https://www.victoriassecret.com/p/760x1013/tif/c3/41/c3411de785a84379a8147b2389aae606/S21_BTY_202_531.jpg', 'https://www.victoriassecret.com/p/760x1013/tif/ed/ef/edeff1241d68449f9fdf57c95da0f6b2/111673803337_OF_F.jpg', 'https://www.victoriassecret.com/p/760x1013/tif/a8/e0/a8e0fd4a5b9848abbbb0dffb8d0db3da/SU20_BTY_048_e10538773.jpg', 'Mysterious and irresistible, Bombshell Seduction is an extension of  America’s No. 1 Fragrance.* Inspired by the beauty of our signature ribbon, our perfumers designed Bombshell Seduction to evoke the cool touch of satin on bare skin. French sage opens the fragrance with an airy, refreshing feel. An intoxicating duo of white florals make up the glowing floral heart: signature white peony and creamy tuberose. Velvet musk adds a whisper of skin-like warmth, a mysterious end-note to this sheer beauty.', 'Put 1-2 drops on your underwear, wrists, neck and nape to help you radiate a seductive. fragrance for a more romantic date.', 'Alcohol Denat., water, fragrance, propylene glycol, glycerin, butyl methoxydibenzoylmethane, Ethylhexyl methoxycinnamate, PPG-25-Buteth-26, Ethylhexyl Salicylate, PEG-40 hydrogenated castor oil, chamomilla Recutita flower extract, aloe barbadensis leaf extract, amyl cinnamal, benzyl alcohol', 'Fragrance type: Floral Warm\r\nNotes: white peony, sage, velvet musk\r\nEau de Parfum is our most concentrated, pure version of the fragrance\r\n100 ml/3.4 fl oz.\r\nDomestic'),
(10, 'MAYBELLINE ALL-IN-ONE EYE & CHEEK PALETTE', 'Make-Up', 5900, 'Images/eyeshadow.jpg', 'https://www.maybelline.com/~/media/mny/global/eye-makeup/eye-shadow/the-city-kits-all-in-one-eye-and-cheek-palette/maybelline-eyeshadow-blush-bronzer-the-city-kits-eye-cheek-palette-pink-edge-041554545869-t.jpg?thn=0&w=380&hash=FD7FBA86FC91EC5F49699A59D6A74BAF6AD637FD', 'https://www.maybelline.com/~/media/mny/global/eye-makeup/eye-shadow/the-city-kits-all-in-one-eye-and-cheek-palette/maybelline-eyeshadow-blush-bronzer-the-city-kits-eye-cheek-palette-pink-edge-041554545869-d.jpg?thn=0&w=380&hash=E31CD354CCE45B9758E631A95E83D2F9E47C7BBF', 'https://www.maybelline.com/~/media/mny/global/eye-makeup/eye-shadow/the-city-kits-all-in-one-eye-and-cheek-palette/maybelline-eyeshadow-blush-bronzer-the-city-kits-eye-cheek-palette-pink-edge-041554545869-d2.jpg?thn=0&w=380&hash=8426C1EB68F11A0F063AF8DFD971DDAB4AADFADA', 'The City Kits All-in-One Eye & Cheek Highlighter palette brightens the eye area and highlights the cheek contours.', 'Step 1. Apply color from the eyelid to the brow bone.\r\n\r\nStep 2. Shade in the lid.\r\n\r\nStep 3. Add color to the inner corner.\r\n\r\nStep 4. Contour at the crease and line of the eye.\r\n\r\nStep 5. Apply highlighter.\r\n\r\nStep 6. Apply blush.', 'TALC, SYNTHETIC FLUORPHLOGOPITE, OCTYLDODECYL STEAROYL STEARATE, MAGNESIUM MYRISTATE, PENTAERYTHRITYL TETRAISOSTEARATE, CALCIUM SODIUM BOROSILICATE, STEARYL DIMETHICONE, NYLON-12, SILICA, ALUMINUM STARCH OCTENYLSUCCINATE, DIISOSTEARYL MALATE, ALUMINA, CALCIUM ALUMINUM BOROSILICATE, CAPRYLYL GLYCOL, DIMETHICONE, DEHYDROACETIC ACID, OCTADECENE, PHENOXYETHANOL, HEXYLENE GLYCOL, ISODODECANE, PENTAERYTHRITYL TETRA-DI-T-BUTYL HYDROXYHYDROCINNAMATE, AQUA / WATER / EAU, MALTODEXTRIN, TIN OXIDE STEARIC ACID', 'From iridescent to edgy matte eyes, create an infinite number of makeup looks with these city inspired all in one makeup palettes. Each eye and cheek palette includes eight creamy eyeshadows, one blush, and one highlighter.'),
(11, 'MAYBELLINE MASTER BLUSH COLOR & HIGHLIGHT KIT', 'Make-Up', 6400, 'Images/blush.jpg', 'https://www.maybelline.com/~/media/mny/global/face-makeup/blush-bronzer/facestudio-master-blush-color-and-highlight-kit/maybelline-blush-face-studio-master-blush-palette-041554496475-o.jpg?thn=0&w=380&hash=CB58873A0963D6337DC5E62B41837F2D35CAEC9B', 'https://www.maybelline.com/~/media/mny/global/face-makeup/blush-bronzer/facestudio-master-blush-color-and-highlight-kit/maybelline-blush-face-studio-master-blush-palette-041554496475-t.jpg?thn=0&w=380&hash=2532EF676D7B14CC9359923077D67C7F7BFD9989', 'https://www.maybelline.com/~/media/mny/global/face-makeup/blush-bronzer/facestudio-master-blush-color-and-highlight-kit/maybelline-blush-face-studio-master-blush-palette-041554496475-c.jpg?thn=0&w=380&hash=6F3CFCD208703004FE6BBFA0551EED65145C0D08', 'Facestudio® Master Blush Color & Highlight Kit delivers unlimited artistry in a beautifully curated collection of blushes and highlighter for a versatile cheek palette.', 'Step 1. Apply blush.\r\nTip: Use shades alone or mix & match shades to create your own look.\r\nStep 2. Add highlighter. Blend.', 'TALC\r\nSYNTHETIC FLUORPHLOGOPITE\r\nTRIISOSTEARIN\r\nPHENYL TRIMETHICONE\r\nMAGNESIUM STEARATE\r\nCAPRYLYL GLYCOL\r\nSILICA\r\nALUMINA\r\nCALCIUM ALUMINUM BOROSILICATE\r\nTIN OXIDE\r\nCALCIUM SODIUM BOROSILICATE\r\nMAGNESIUM SILICATE\r\n[+/- MAY CONTAIN / PEUT CONTENIR\r\nMICA\r\nCI 77891 / TITANIUM DIOXIDE\r\nCI 77491, CI 77492, CI 77499 / IRON OXIDES\r\nCI 77007 / ULTRAMARINES', 'Go beyond the highlight for vibrant and dimensional statement cheeks. Maybelline\'s Color & Highlight Kit allows you to blush your own way. Use each shade alone or mix and match to create a custom cheek color.'),
(12, 'MAYBELLINE WASHABLE MASCARA MAKEUP', 'Make-Up', 3900, 'Images/mascara.jpg', 'https://www.maybelline.com/~/media/mny/global/eye-makeup/mascara/lash-sensational-sky-high/very-black/maybelline-lash-sensational-sky-high-wsh-801-very-black-041554590500-t.jpg?thn=0&w=380&hash=93302492C5B1B3FE410939D4B76E4D8335A3CCCB', 'https://www.maybelline.com/~/media/mny/global/eye-makeup/mascara/lash-sensational-sky-high/jobeauty_productinfo_lashsensational_skyhigh_mobile_375x562%20(1).jpg?thn=0&w=380&hash=96AF7861A31DA2C165368CA692B4DCAD3B0083B1', 'https://www.maybelline.com/~/media/mny/global/eye-makeup/mascara/lash-sensational-sky-high/applicationmacro_productinfo_lashsensational_skyhigh_desktop_316x474.jpg?thn=0&w=380&hash=5BBD2CF1012F15CA71057F3BEB57CB92E8A5824F', 'Sky High lengthening and volume mascara for sky high lash impact from every angle. Long lasting mascara delivers full volume and limitless length.', 'For best results, hold Maybelline Lash Sensational Sky High mascara\'s flexible brush against lashes and extend from root to tip repeatedly until desired volume and length is achieved.', 'AQUA / WATER / EAU,\r\nPROPYLENE GLYCOL,\r\nSTYRENE/ACRYLATES/AMMONIUM METHACRYLATE COPOLYMER,\r\nPOLYURETHANE-35,\r\nCERA ALBA / BEESWAX / CIRE DABEILLE,\r\nSYNTHETIC FLUORPHLOGOPITE,\r\nGLYCERYL STEARATE,\r\nCETYL ALCOHOL,\r\nPEG-200 GLYCERYL STEARATE,\r\nETHYLENEDIAMINE/STEARYL DIMER DILINOLEATE COPOLYMER,\r\nCOPERNICIA CERIFERA CERA / CARNAUBA WAX / CIRE DE CARNAUBA,\r\nSTEARIC ACID,\r\nPALMITIC ACID,\r\nETHYLENE/VA COPOLYMER,\r\nALCOHOL DENAT.,\r\nPARAFFIN,\r\nAMINOMETHYL PROPANEDIOL,\r\nPHENOXYETHANOL,\r\nCAPRYLYL GLYCOL,\r\nGLYCERIN', 'Exclusive Flex Tower mascara brush bends to volumize and extend every single lash from root to tip. Washable mascara formula infused with bamboo extract and fibers for long, full and lightweight lashes, that don\'t flake or smudge. Available in Very Black and Blackest Black, Cosmic Black, and now True Brown.'),
(13, 'MATTE INK LIQUID LIPSTICK INTO THE ZODIAC', 'Make-Up', 3200, 'Images/lipstick.jpg', 'https://www.maybelline.com/~/media/mny/us/lips-makeup/lipstick/super-stay-matte-ink-liquid-lipstick/lover/lover_lightskintone1_lipmacro_ssmatteink_portrait_760x1130.jpg?thn=0&w=380&hash=C02EAA4B1DE36D465705EE7BE09B34B0856E3378', 'https://www.maybelline.com/~/media/mny/us/lips-makeup/lipstick/superstay-matte-ink-liquid-lipstick-into-the-zodiac/maybelline-lip-superstay-matte-ink-zodiac-edition-15-lover-cancer-041554071382-t.jpg?thn=0&w=380&hash=2C97C1A05EF843871522BC14DD65B356D475CD92', 'https://www.maybelline.com/~/media/mny/us/lips-makeup/lipstick/super-stay-matte-ink-liquid-lipstick/lover/lover_mediumskintone_lipmacro_ssmatteink_portrait_760x1130.jpg?thn=0&w=380&hash=838217BF8356C1EED6BC769349C11F23B14C998E', 'SuperStay Matte Ink™ Liquid Lipstick gives you a flawless matte finish in a range of super saturated shades.', 'Step 1. Apply liquid lipstick in the center of your upper lip and follow the contours of your mouth.\r\n\r\nStep 2. Glide the liquid lipstick across the entire bottom lip.\r\n\r\nStep 3. Allow product to dry.\r\n\r\nTip: For easy removal, use with Maybelline\'s SuperStay Eraser lipstick remover.\r\n', 'Dimethicone, Trimethylsiloxysilicate, Isododecane, Nylon-611/Dimethicone Copolymer, Dimethicone Crosspolymer, C30-45 Alkyldimethylsilyl Polypropylsilsesquioxane, Lauroyl Lysine, Alumina, Silica Silylate, Phenoxyethanol, Disodium Stearoyl Glutamate, Calcium Sodium Borosilicate, Aluminum Hydroxide, Limonene, Silica, Caprylyl Glycol, Benzyl Benzoate, Tin Oxide, Benzyl Alcohol, Citronellol, Synthetic Fluorphlogopite, Calcium Aluminum Borosilicate, Magnesium Silicate, Parfum', 'This limited-edition collection brings bold lips and a flawless matte finish to every sign. Now you can collect the constellations for an all-day matte lip color. Available in all 12 zodiac signs: 6 Matte Ink shades that last up to 16 hours and 6 Ink Crayon shades that last up to 8 hours. These matte lipstick shades are inspired by the signs written in the stars, so you always feel beautiful and ready for anything.'),
(14, 'Guerlain Mon Guerlain Intense 100 ml Eau de Parfum', 'Fragrance', 32300, 'Images/perfume3.jpg', 'https://i.ebayimg.com/images/g/gQMAAOSwnohgo~nn/s-l1600.jpg', 'https://i.ebayimg.com/images/g/IlcAAOSwzElgo~ny/s-l1600.jpg', 'https://i.ebayimg.com/images/g/--IAAOSwPtxgo~ns/s-l1600.jpg', 'Mon Guerlain Eau de Parfum Intense by Guerlain is a Amber Woody fragrance for women. Mon Guerlain Eau de Parfum Intense was launched in 2019. Mon Guerlain Eau de Parfum Intense was created by Thierry Wasser and Delphine Jelk. ', 'Spray perfume on your pulse points\r\nThe best spots to apply a perfume are your pulse points: the points that are warm and moist because your veins are closest to the skin on those places.\r\nWhere you apply a perfume will have an impact on how you and others experience it.', 'Alcohol, Parfum (Fragrance), Aqua (Water), Linalool, Limonene, Hydroxycitronellal, Ethylhexyl Methoxycinnamate, Coumarin, Diethylamino Hydroxybenzoyl Hexyl Benzoate, Bht, Butyl Methoxydibenzoylmethane, Butylene Glycol Dicaprylate/Dicaprate, Citral, Geraniol, Citronellol, Benzyl Alcohol, Anise Alcohol, Farnesol', 'Top notes are Lavender, Mandarin Orange and Bergamot; middle notes are Tahitian Vanilla, Madagascar Vanilla, iris, Jasmine Sambac and Rose; base notes are Coumarin, Patchouli, Licorice, Benzoin, Australian Sandalwood and White Musk.'),
(15, 'Revlon ALL IN ONE SHAMPOO', 'HairCare', 4990, 'Images/haircare2.png', 'https://www.revlonprofessional.com/wp-content/uploads/2021/03/Uniqone-Shampoo-scaled.webp', 'https://www.revlonprofessional.com/wp-content/uploads/2021/03/Revlon_UniqOne_Rutina-Banner_Square-copia-scaled.webp', 'https://www.revlonprofessional.com/wp-content/uploads/2021/09/uniqone-celebrate-model-3.webp', 'Our All-in-one Professional Shampoo has been created to provide spectacular smoothness and frizz control for silky, shiny and manageable hair.\r\nThe new and improved formula brings vitality to the hair and improves its texture.', 'Apply some of the shampoo to damp hair, massage gently and rinse with plenty of water.\r\nRepeat if necessary.', 'AQUA/WATER/EAU, SODIUM LAURETH SULFATE, BETAINE, COCAMIDOPROPYL BETAINE, PEG-7 GLYCERYL COCOATE, DECYL GLUCOSIDE, PEG-3 DISTEARATE, AMODIMETHICONE, C12-14 PARETH-12, CITRIC ACID, DISODIUM EDTA, GUAR HYDROXYPROPYLTRIMONIUM CHLORIDE, PANTHENOL, PEG-150 PENTAERYTHRITYL TETRASTEARATE, PEG-6 CAPRYLIC/CAPRIC GLYCERIDES, QUATERNIUM-22, PARFUM (FRAGRANCE), ALPHA-ISOMETHYL IONONE, BENZYL SALICYLATE, CITRONELLOL, HEXYL CINNAMAL, LINALOOL, BENZYL ALCOHOL', '- Professional Results\r\n- Vegan Formula\r\n- Bottle made from 35% rPET\r\n- Dermatologically tested'),
(16, 'RADIANCE ARGAN SHAMPOO', 'HairCare', 5900, 'Images/haircare3.png', 'https://www.revlonprofessional.com/wp-content/uploads/2022/01/oro-fluido-shampoo-packshot-scaled-1.webp', 'https://www.revlonprofessional.com/wp-content/uploads/2022/01/oro-fluido-shampoo-hand-texture.webp', 'https://www.revlonprofessional.com/wp-content/uploads/2022/01/oro-fluido-full-range-2.webp', 'The Orofluido™ Radiance Shampoo is infused with argan oil is a moisturizing shampoo that smooths the hair leaving it shiny and delicately scented with our signature fragrance.', '1. Apply the Orofluido™ Radiance Shampoo to wet hair, massage gently and rinse thoroughly.\r\n2. In addition to the Radiance Shampoo infused with argan oil, use the full Orofluido™ range to indulge yourself in a complete mindful ritual.\r\n3. Vegan formula.', 'Aqua/Water/Eau, Sodium Laureth Sulfate, Cocamidopropyl Betaine, Betaine, Decyl Glucoside, Argania Spinosa Kernel Oil, Benzotriazolyl Dodecyl p-Cresol, Citric Acid, Disodium EDTA, Lauric Acid, Lauryl Alcohol Diphosphonic Acid, Methoxy PEG/PPG-7/3 Aminopropyl Dimethicone, Panthenol, PEG-12 Dimethicone, PEG-150 Pentaerythrityl Tetrastearate, PEG-6 Caprylic/Capric Glycerides, PEG-60 Hydrogenated Castor Oil, Pentylene Glycol, Polyquaternium-10, Sodium Acetate, Sodium Chloride, Tocopheryl Acetate, Parfum (Fragrance)', 'Feel the enveloping texture of the new Orofluido’s transparent-golden shampoo. It will moisturize and smooth hair leaving it shiny and delicately scented.\r\n\r\n'),
(17, 'EKSPERIENCE BOOST PHASE 0 SCALP PREP', 'HairCare', 7900, 'Images/haircare4.png', 'https://www.revlonprofessional.com/wp-content/uploads/2021/03/eksperience-boost-volumizing-booster-doose-2-530x530.webp', 'https://www.revlonprofessional.com/wp-content/uploads/2021/03/eksperience-boost-volumizing-booster-doose-3.webp', 'https://www.revlonprofessional.com/wp-content/uploads/2021/03/eksperience-boost-volumizing-booster-doose-3.webp', 'An exfoliator for deep cleaning the scalp.', 'Apply scalp exfoliator onto dry scalp and massage gently, then rinse thoroughly. Proceed with the next treatment.\r\nFrequency of use in the salon: if associated with a specific anomaly, once per week for 6 weeks twice a year.\r\nFrequency of use at home: before each wash (hair cleanser) or treatment.', 'Aqua (Water (Eau)), Hydroxyethylcellulose, Panthenol, Ethoxydiglycol, PEG-40 Hydrogenated Castor Oil, Propanediol, Hydroxyacetophenone, Butylene Glycol, Bis-Cetearyl Amodimethicone, Glycerin, Sodium Lactate, Hydrolyzed Rhodophycea Extract, Glycolic Acid, Hydrolyzed Actin, Maris Aqua (Sea Water (Eau De Mer)), Sucrose, Urea, Sodium Citrate, Ceteareth- 7, Ceteareth-25, Undaria Pinnatifida Extract, Tartaric Acid, Malic Acid, Fucus Vesiculosus Extract, Propylene Glycol, Parfum (Fragrance), Limonene, Benzyl Alcohol.', 'Cleanses, purifies and prepares the scalp to receive any of the Eksperience™ beauty rituals.'),
(18, 'EKSPERIENCE SUN PRO MARINE SUN PROTECTION HAIR CREAM', 'HairCare', 4500, 'Images/haircare5.png', 'https://www.revlonprofessional.com/wp-content/uploads/2021/03/eksperience-sun-pro-water-base-hair-wax-2.webp', 'https://www.revlonprofessional.com/wp-content/uploads/2021/03/eksperience-sun-pro-water-base-hair-wax-3.webp', 'https://www.revlonprofessional.com/wp-content/uploads/2021/05/eksperience-purifying-cream-6.webp', 'This moisturizing hair cream is formulated to nourish the hair while being exposed to the sun.', 'Pour a small amount of the Marine Protective coconut oil leave-in hair treatment into your hands and massage through damp lengths and ends.\r\nDo not rinse. For maximum protection, reapply as often as necessary.', 'Aqua/Water/Eau, Butylene Glycol, Alcohol Denat., Cyclopentasiloxane, Dimethicone, Ethylhexyl Methoxycinnamate, PEG-40 Hydrogenated Castor Oil, Isopropyl Myristate, 1,2-Hexanediol, Argania Spinosa Kernel Oil, BHT, C13-14 Isoparaffin, Caprylyl Glycol, Cocos Nucifera (Coconut) Oil, Dimethiconol, Fucus Vesiculosus Extract, Glycerin, Hydrolyzed Actin, Hydrolyzed Corallina Officinalis Extract, Laureth-7, Macadamia Ternifolia Seed Oil, Maris Aqua/Sea Water/Eau De Mer, Polyacrylamide, Propylene Glycol, Simmondsia Chinensis (Jojoba) Seed Oil, Tocopheryl Acetate, Benzophenone-3, Parfum (Fragrance), Alpha-Isomethyl Ionone, Coumarin, Limonene, Linalool, Phenoxyethanol', 'Sun protection hair cream nourishes and moisturizes the hair during sun exposure.'),
(19, 'CREED WIND FLOWERS PERFUME', 'Fragrance', 33000, 'Images/perfume4.png', 'https://cdn.shopify.com/s/files/1/0271/3298/5441/products/image_200x.jpg?v=1648211878', 'https://cdn.shopify.com/s/files/1/0271/3298/5441/products/image_f93bd507-16fe-4ccc-bfe1-659772658260_650x.jpg?v=1648211878', 'https://cdn.shopify.com/s/files/1/0271/3298/5441/products/MicrosoftTeams-image_3_200x.png?v=1648211878', 'Inspired by movement, Wind Flowers is the latest women\'s perfume from the House of Creed. Floral and fresh, this fragrance opens with sweet jasmine, wrapped around the zesty scent of Tunisian orange blossom and softened by a fresh and a fruity peach note, a powerful heart of delicate jasmine flower, tuberose petals and a soft rose extract add depth and texture to this fragrance while a warm flurry of sandalwood is twisted around a haze of iris and musk. ', 'Apply an unscented body lotion and/or Vaseline first.\r\nFirst perfume, then clothes. \r\nSpray perfume on your pulse points. \r\nSpray but don\'t rub. \r\nDon\'t overdo it.\r\nSpritz, don\'t mist.\r\nComb it in your hair.', 'ALCOHOL / PARFUM (FRAGRANCE)/ AQUA (WATER)/ ETHYLHEXYL SALICYLATE/ BUTYL METHOXYDIBENZOYLMETHANE/ PENTAERYTHRITYL TETRA-DI-T-BUTYL HYDROXYHYDROCINNAMATE', 'A vibrant note of orange blossom and creamy praline offsets this dusky floral scent; bringing to life this luminous fragrance for her.'),
(20, 'MESAUDA WOW!GLOW HIGHLIGHTER', 'Make-Up', 8900, 'Images/highlight.png', 'https://cdn.shopify.com/s/files/1/0584/8275/3705/products/WOW_GLOW-Palette-Illuminanti-Compatti-1667563628_540x.jpg?v=1667563630', 'https://cdn.shopify.com/s/files/1/0584/8275/3705/products/WOW_GLOW-Palette-Illuminanti-Compatti-1667563642_2000x.jpg?v=1667563644', 'https://cdn.shopify.com/s/files/1/0584/8275/3705/products/WOW_GLOW-Palette-Illuminanti-Compatti-1667563647_2000x.jpg?v=1667563649', 'Wow!Glow is the palette of Highlighters in 4 colours, to create infinite looks and enhance every complexion. The hybrid cream-powder texture blends perfectly into the skin leaving sophisticated, shimmering highlights on the face.', 'Create your perfect base using your usual products. Use the F07 flame brush and apply highlighter to prominent areas of the face: cheekbones, cupid\'s bow, inner corner of the eye, back of the eye and tip of the nose. You can overlap several shades.', 'SYNTHETIC FLUORPHLOGOPITE, DIMETHICONE, TALC, ZINC STEARATE, OCTYLDODECYL STEAROYL STEARATE, MICA, DIISOSTEARYL MALATE, TRIMETHYLSILOXYSILICATE, POLYMETHYLSILSESQUIOXANE, DIMETHICONE CROSSPOLYMER, CAPRYLYL GLYCOL, HEXYLENE GLYCOL, PHENOXYETHANOL, CI 77891/TITANIUM DIOXIDE', 'If you want a subtle shimmer effect, apply highlighter with fan brush F10. If you want a more radiant effect, apply directly with your fingers.'),
(21, 'MESAUDA SUBLIMATTE LIPSTICK', 'Make-Up', 2500, 'Images/lips.png', 'https://cdn.shopify.com/s/files/1/0584/8275/3705/products/SUBLIMATTE---UNLIMITED-MESAUDA-1667484628_2000x.jpg?v=1667484630', 'https://cdn.shopify.com/s/files/1/0584/8275/3705/products/SUBLIMATTE---UNLIMITED-MESAUDA-1667484640_2000x.jpg?v=1667484642', 'https://cdn.shopify.com/s/files/1/0584/8275/3705/products/SUBLIMATTE---UNLIMITED-MESAUDA-1667484643_540x.jpg?v=1667484645', 'A liquid texture with a matte finish, no-transfer properties and tested to last up to 18 hours. Thanks to the formula enriched with special raw materials, the product stays thin on the lips for a silky, weightless finish.', 'Using the tip of the special heart-shaped applicator, spread the product starting from the center of the upper lip toward the outer corners, with the flattest part filling in the remaining central part. Then repeat on the lower lip.', 'ISODODECANE, TRIMETHYLSILOXYSILICATE, DIMETHICONE, TRISILOXANE, ISONONYL ISONONANOATE, CI 77891/TITANIUM DIOXIDE, MICROCRYSTALLINE WAX/MICROCRYSTALLINE WAX, MICA, CETYL DIMETHICONE, DIMETHICONE/VINYL DIMETHICONE CROSSPOLYMER, CI 77491/IRON OXIDES, CI 77492/IRON OXIDES', 'Liquid lipstick with a matte finish, no-transfer properties and tested to last up to 18 hours. Thanks to the formula enriched with special raw materials, the product stays thin on the lips for a silky, weightless finish. Thanks to the high amount of pigment within the formula, the color is full from the first swipe, plus spreading is made easy thanks to the special heart-shaped applicator, which deposits the product evenly and allows you to define the edge of the lips with precision, without having to use a pencil.'),
(22, '+Rose Radiance Perfector', 'SkinCare', 5990, 'Images/roseradiance.png', 'https://cdn.shopify.com/s/files/1/1463/5858/products/RoseRadiancePerfector_1_-JAN21_large.jpg?v=1663353103', 'https://cdn.shopify.com/s/files/1/1463/5858/products/Rose-Radiance-Lotion-Swatch-29OCT20-web_large.jpg?v=1663353103', 'https://cdn.shopify.com/s/files/1/1463/5858/products/Rose-Radiance-Perfector-with-Box-24OCT20-web_large.jpg?v=1663353103', 'Delicately tinted, Rose-infused complexion enhancer blurs and brightens to give skin a fresh finish. This radiance perfector is formulated to instantly enliven the face with a pearlescent finish for a healthy glow.', '• Use daily, or as often as needed.\r\n• Step 1: Apply coin-sized amount onto cheekbone, browbone and cupid\'s bow to enhance features.\r\n• Pro Tip: Use all over as a radiance-enhancing priming lotion and for a tone-correcting effect.', 'Aqua/Water/Eau, Propanediol, Etylhexyl Palmitate, Mica, Diphenylsiloxy Phenyl Trimethicone, Diisostearyl Malate, Steareth-21, Synthetic Fluorphlogopite, Glyceryl Stearate SE, Ethylhexyl Salicylate, Squalane, Panthenol, Rosa Damascena Flower Water, Ascorbyl Palmitate, Tocopheryl Acetate, Rosa Rubiginosa Seed Oil, Sodium Hyaluronate, Ceramide NP, Pelargonium Graveolens Oil, Hydroxyethyl Acrylate/Sodium Acryloyldimethyl Taurate Copolymer, Polysorbate 20, Sorbitan Isostearate, Cetyl Dimethicone, Hydroxyacetophenone', '\"Sheer rosy face lotion to highlight and add a pearlescent glow\" - Petra\r\n• Sheer rosy tint brightens & corrects\r\n• Blurs imperfections\r\n• Instantly imparts a youthful glow\r\n• Suitable for all skin types'),
(23, 'Glow Tonic 100ml', 'SkinCare', 7890, 'Images/tonic.png', 'https://cdn.shopify.com/s/files/1/1463/5858/products/GlowTonic-100ml_1_-JUL2021_large.jpg?v=1664563642', 'https://cdn.shopify.com/s/files/1/1463/5858/products/GlowTonic_100ml_SugarCane_large.jpg?v=1664563642', 'https://cdn.shopify.com/s/files/1/1463/5858/products/glowtonic-100ml-may19_3_f5565c8e-138d-44c7-880e-e73e6e5fc131_large.jpg?v=1664563642', 'The Pixi Glow Tonic 100ml miracle working toner helps brighten the complexion resulting in a healthier glow.', '• Use: Either in the AM and PM or when needed.\r\n• Step 1: Cleanse your face.\r\n• Step 2: Saturate a cotton pad with the Glow Tonic and sweep across face, neck and décolletage (avoiding the eye area).\r\n• Step 3: Follow with a serum or moisturizer.', 'Aqua/Water/Eau, Glycolic Acid, Sodium Hydroxide, Butylene Glycol, Glycerin, Aloe Barbadensis Leaf Juice, Hamamelis Virginiana (Witch Hazel)Water, Aesculus Hippocastanum (Horse Chestnut) Seed Extract, Hexylene Glycol, Fructose, Glucose, Sucrose, Urea, Dextrin, Alanine, Glutamic Acid, Aspartic Acid,Hexyl Nicotinate, Panax Ginseng Root Extract, Ethylhexylglycerin, Disodium EDTA, Biotin, Panthenol, PPG-26-Buteth-26, PEG-40 Hydrogenated Castor Oil,Phenoxyethanol, Parfum/Fragrance, Caramel, Benzyl Benzoate', '• Formulated with 5% Glycolic Acid.\r\n• Exfoliates, brightens and smooths skin.\r\n• Aloe Vera, Ginseng and Botanical extracts work together to nourish and treat.\r\n• Instant glow enhancer.\r\n• Alcohol-free\r\n• Suitable for all skin types\r\n• Paraben-free\r\n• Not tested on animals'),
(24, 'Hydrate Shampoo', 'HairCare', 3990, 'Images/haircare6.png', 'https://media.ulta.com/i/ulta/2565096cm_alt01?w=720&fmt=webp', 'https://media.ulta.com/i/ulta/2565096cm_alt04?w=720&fmt=webp', 'https://media.ulta.com/i/ulta/2565096cm_alt03?w=720&fmt=webp', 'Pureology\'s Hydrate Shampoo is a creamy, sulfate-free shampoo that deeply hydrates normal to thick dry, color-treated hair.', 'Apply a dime-sized amount to wet hair at the scalp. Lather and work down to the ends. Rinse. For extra cleansing, repeat.', 'Aqua/Water/Eau, Sodium Cocoyl Isethionate, Disodium Laureth, Sulfosuccinate, Sodium Lauryl Sulfoacetate, Sodium Lauroyl, Sarcosinat, Glycol Distearate, Cocamidopropyl Betaine, Glycereth-26, Decyl Glucoside, Coconut Acid, Sodium Hydroxide, Sodium Isethionate, Parfum/Fragrance, Citric Acid, Ppg-5-Ceteth-20, Divinyldimethicone/Dimethicone Copolymer, Sodium Chloride, Polyquaternium-7, Amodimethicone, Coco-Betaine, Polyquaternium-10, Propylene Glycol, Peg-55 Propylene Glycol Oleate, Linalool, Carbomer, C11-15 Pareth-7, Benzoic Acid, Laureth-9, Butylene Glycol, Glycerin', 'Provides superior moisture\r\nGives hair touchable softness\r\nProvides extraordinary color protection\r\nHighly concentrated formula allows for 75+ shampoos in a single bottle\r\nContains less than 1% of synthetic fragrances\r\nThis product is 100% vegan\r\nRecyclable packaging'),
(25, 'Acqua di Gioia', 'Fragrance', 23900, 'Images/perfume5.png', 'https://www.sephora.com/productimages/product/p271538-av-1-zoom.jpg?imwidth=612', 'https://www.sephora.com/productimages/product/p271538-av-2-zoom.jpg?imwidth=612', 'https://www.sephora.com/productimages/product/p271538-av-5-zoom.jpg?imwidth=612', 'Inspired by Italy’s Mediterranean coast, this Giorgio Armani perfume for women is a singular blend of serenity and exhilaration. Opening up with the clean, fresh perfume of citrus, the eau de parfum reveals a heart of intoxicating jasmine fragrance and lingers with a scent of warm cedarwood.\r\n', '-Fragrance is intensified by the warmth of your own body. Apply in the creases of your knees and elbows for a longer-lasting, stronger scent. \r\n-After applying, avoid rubbing or dabbing skin. This breaks down the fragrance, causing it to wear off more quickly. \r\n-If you prefer placing fragrance on your wrists, be sure to reapply after frequent hand-washing, as this tends to rinse off the scent. \r\n-Replace fragrance after 12 months. Expired perfumes more than a year old lose the integrity of the original scent.', 'Alcohol, Parfum / Fragrance, Aqua / Water, Limonene, Benzyl Salicylate, Benzyl Alcohol, Hydroxycitronellal, Citronellol, Alpha-Isomethyl Ionone, Hexyl Cinnamal, Ethylhexyl Salicylate, Butyl Methoxydibenzoylmethane, Linalool, Geraniol, Citral, Benzyl Benzoate, Cinnamal, Methyl-2-Octynoate, Eugenol, Ci 61570 / Green 5, Ci 17200 / Red 33.', 'Fragrance Family: Fresh\r\nScent Type: Fresh Aquatics\r\nKey Notes: Jasmine, Gardenia, Warm Woods\r\n'),
(26, 'NINA RICCI L\'AIR DU TEMPS', 'Fragrance', 19990, 'Images/perfume8.png', 'https://images.prismic.io/nina-ricci/68e1a786-e445-4069-b9d1-7a7526820bf6_ADT_EDT_10916_NINA_RICCI_ATOUBIANA7171_eautoilette_V6_RESPONSIVE.jpg?q=60&auto=compress,format&fit=max&config[deviceSizes]=160,320,640,750,828,1080,1440,1940&config[imageSizes]=16,32,48,64,96,128,256,384&config[path]=&config[loader]=imgix&config[allSizes]=16,32,48,64,96,128,160,256,320,384,640,750,828,1080,1440,1940&width=640', 'https://images.prismic.io/nina-ricci/3973cc50-2fbc-4531-bfcc-12ff554dcab4_NINA_ADT2219.jpg?q=60&auto=compress,format&fit=max&config[deviceSizes]=160,320,640,750,828,1080,1440,1940&config[imageSizes]=16,32,48,64,96,128,256,384&config[path]=&config[loader]=imgix&config[allSizes]=16,32,48,64,96,128,160,256,320,384,640,750,828,1080,1440,1940&width=640', 'https://images.prismic.io/nina-ricci/90da6cf2-43b0-4d2c-9da1-011219949666_NINA_ADT2213.jpg?q=60&auto=compress,format&fit=max&config[deviceSizes]=160,320,640,750,828,1080,1440,1940&config[imageSizes]=16,32,48,64,96,128,256,384&config[path]=&config[loader]=imgix&config[allSizes]=16,32,48,64,96,128,160,256,320,384,640,750,828,1080,1440,1940&width=640', 'Composed during the joyful time that followed the war, the fresh scent blends jasmine, rose and carnation, celebrating the essence of femininity with pure optimism.', 'Generously mist L\'Air du Temps Eau de Toilette onto your skin for a joyfully floral and spicy sillage.', 'ALCOHOL DENAT., AQUA (WATER), PARFUM (FRAGRANCE), BENZYL SALICYLATE, HYDROXYCITRONELLAL, ALPHA-ISOMETHYL IONONE, LINALOOL, EUGENOL, BENZYL BENZOATE, AMYL CINNAMAL, LIMONENE, ISOEUGENOL, CITRONELLOL, FARNESOL, GERANIOL, HEXYL CINNAMAL, CITRAL, BENZYL ALCOHOL, DISODIUM EDTA, CI 19140 (YELLOW 5), CI 14700 (RED 4).', 'Representing peace and love, two doves are tenderly interlaced on the stopper.'),
(27, 'Dolce Eau de Parfum', 'Fragrance', 21990, 'Images/perfume9.png', 'https://dolcegabbana-view.thron.com/api/xcontents/resources/delivery/getThumbnail/dolcegabbana/400x0/0ec1c5ba-3d66-436e-b77c-5dbb6a8306f9.jpg?v=42&scalemode=manual', 'https://dolcegabbana-view.thron.com/api/xcontents/resources/delivery/getThumbnail/dolcegabbana/400x0/284df8cd-e823-48ab-8d79-5584d3a314bb.jpg?v=42&scalemode=manual', 'https://dolcegabbana-view.thron.com/api/xcontents/resources/delivery/getThumbnail/dolcegabbana/400x0/04a5e4dc-d2b6-4a87-8839-f3514d8c6783.jpg?v=42&scalemode=manual', 'Dolce&Gabbana Dolce Eau de Parfum is a perfume with an unmistakable, personal touch. Fresh and feminine, it embodies the delicate balance between innovation and craftsmanship which distinguishes the art of perfumed composition.\r\n', 'Apply an unscented body lotion and/or Vaseline first.\r\nFirst perfume, then clothes. \r\nSpray perfume on your pulse points.\r\nSpray but don\'t rub.', 'ALCOHOL, PARFUM (FRAGRANCE), AQUA (WATER), BENZYL SALICYLATE, ALPHA-ISOMETHYL IONONE, LINALOOL, ETHYLHEXYL METHOXYCINNAMATE, HEXYL CINNAMAL, HYDROXYCITRONELLAL, CITRONELLOL, DIETHYLAMINO HYDROXYBENZOYL HEXYL BENZOATE, LIMONENE, GERANIOL, BENZYL BENZOATE,\r\nISOEUGENOL, BENZYL ALCOHOL, CITRAL, BHT, CI 42090 (BLUE 1), CI 19140 (YELLOW 5), CI 60730 (EXT. VIOLET 2).', 'Dolce&Gabbana Dolce Eau de Parfum: a fresh and feminine fragrance.\r\n\r\nThe fragrance was created by Jean-Pierre Mary exclusively for Dolce&Gabbana.'),
(28, 'Olaplex No. 7 Bonding Hair Oil', 'Haircare', 10090, 'Images/haircare7.png', 'https://www.sephora.com/productimages/product/p447376-av-02-zoom.jpg?imwidth=48', 'https://www.sephora.com/productimages/product/p447376-av-03-zoom.jpg?imwidth=48', 'https://www.sephora.com/productimages/product/p447376-av-08-zoom.jpg?imwidth=48', 'Works by finding single sulfur hydrogen bonds and crosslinking them back together to form disulfide bonds; disulfide bonds are broken via chemical, thermal, and mechanical processes including brushing and combing the hair; gives hair superior strength by repairing broken disulfide bonds; and anti-breakage properties.', '-To dispense: Remove cap. Turn bottle upside down and gently tap index finger on the bottom of bottle to dispense a metered drop.\r\n-Apply a small amount to damp or dry hair, style as desired.\r\n-Tips: Add a few drops to No. 6 for incredible shine.', 'Dimethicone, Isohexadecane, C13-14 Isoparaffin, Coco-Caprylate, Phenyl Trimethicone, Bis-Aminopropyl Diglycol Dimaleate, Propanediol, Zea Mays (Corn) Oil, Beta-Carotene, Helianthus Annuus (Sunflower) Seed Oil, Moringa Oleifera Seed Oil, Punica Granatum Seed Oil, Water (Aqua), Morinda Citrifolia Fruit Powder, Fragrance (Parfum), Hexyl Cinnamal, Eclipta Prostrata Extract, Ethylhexyl Methoxycinnamate, Limonene, Tocopherol, Citral, Linalool, Melia Azadirachta Leaf Extract, Citronellol, Pseudozyma Epicola/Camellia Sinensis Seed (Green Tea)', 'What it is: An ultra-lightweight, reparative, styling oil that increases shine, softness, and color vibrancy, while minimizing flyaways and protecting hair against heat damage.\r\n\r\nHair Texture: Fine, Medium, and Thick\r\n\r\nHair Benefits: Protects Colors, Fights Frizz, and Provides Heat Protection'),
(29, 'Vegamour GRO Hair Serum for Thinning Hai', 'HairCare', 18500, 'Images/haircare8.png', 'https://www.sephora.com/productimages/sku/s2473064-av-20-zoom.jpg?imwidth=612', 'https://www.sephora.com/productimages/sku/s2473064-av-06-zoom.jpg?imwidth=612', 'https://www.sephora.com/productimages/sku/s2473064-av-21-zoom.jpg?imwidth=612', 'A highly effective vegan serum that increases the appearance of hair density while reducing signs of shedding to promote thicker, fuller looking hair with clinically proven results in as little as 90 days.', '-Fill dropper.\r\n-Apply one dropperful directly onto dry or damp scalp.\r\n-Leave in.\r\n-Style as usual.\r\n-For best results, use daily.', 'Aqua, Butylene Glycol, Glycerin, Alcohol Denat., Caffeine, Polysorbate 20, Curcuma Longa (Turmeric) Callus Conditioned Media, Citrus Bergamia Peel Oil Expressed, Disodium Edta, Limonene, Trifolium Pratense Sprout Extract, Vigna Radiata Sprout Extract, Sodium Benzoate, Linalool, Potassium Sorbate, Gluconolactone, Biotin, Citral, Oligopeptide-2, Hexapeptide-40 Sh-Polypeptide 9, Hexapeptide-40 Sh-Polypeptide-86.', '- Reduces signs of hair thinning for thicker, fuller, longer looking hair\r\n- Most effective as a spot treatment\r\n- No visible residue and will not make hair greasy\r\n'),
(30, 'MESAUDA AT FIRST BLUSH', 'Make-Up', 5900, 'Images/blush.png', 'https://cdn.shopify.com/s/files/1/0584/8275/3705/products/AT-FIRST-BLUSH-Blush-compatto-1665044961_540x.jpg?v=1668789393', 'https://cdn.shopify.com/s/files/1/0584/8275/3705/products/AT-FIRST-BLUSH-Blush-compatto-1665044998_2000x.jpg?v=1668789393', 'https://cdn.shopify.com/s/files/1/0584/8275/3705/products/AT-FIRST-BLUSH-Blush-compatto-1665044991_540x.jpg?v=1668789393', 'Compact, silky blush with a velvety touch that enhances the natural complexion. An extremely thin and light film thanks to the innovative technology of micronised pigments which allows the product to adhere better to the skin. The natural spherical polymers, on the other hand, improve skin-feel and have absorbent properties. A blush rich in active ingredients; a veritable pool of natural extracts that improve the elasticity of the skin: rose hip with its emollient and soothing action and Ginko biloba with its antioxidant properties.', 'apply a small amount of product with the round brush on the cheekbones, from the cheeks towards the temples, and vice versa. To sculpt, apply with the F05 oblique brush under the cheekbone, following the shape of the cheekbone from the centre of the face outwards.', 'TALC, MICA, ZEA MAYS (CORN) STARCH, CI 77491/IRON OXIDES, DIMETHICONE, CI 77891/TITANIUM DIOXIDE, OCTYLDODECYL STEAROYL STEARATE, ZINC STEARATE, PENTAERYTHRITYL TETRAISOSTEARATE, CAPRYLYL GLYCOL, ETHYLHEXYLGLYCERIN, CI 77007/ULTRAMARINES, CI 15850/RED 7 LAKE, ZEA MAYS OIL/ZEA MAYS (CORN) OIL, CI 77492/IRON OXIDES, CI 77499/IRON OXIDES, TIN OXIDE, GINKGO BILOBA EXTRACT/GINKGO BILOBA LEAF EXTRACT, ROSA CANINA FRUIT EXTRACT.', 'Velvety smooth and delicate texture;\r\nEasy application, adheres perfectly to the skin. Modular and long-wearing;\r\nNatural, satin finish and imperceptible;\r\nGinkgo biloba extract with antioxidant action, rose hip with emollient and soothing action.');
INSERT INTO `products` (`item_id`, `item_name`, `category`, `item_price`, `img_name1`, `img_name2`, `img_name3`, `img_name4`, `long_description`, `HowToUse`, `ingredients`, `essentials`) VALUES
(31, 'MESAUDA GLAM\'EYES', 'Make-Up', 6990, 'Images/eyeshadow1.png', 'https://cdn.shopify.com/s/files/1/0584/8275/3705/products/GLAM-EYES-MESAUDA-1670419943_2000x.jpg?v=1670419945', 'https://cdn.shopify.com/s/files/1/0584/8275/3705/products/GLAM-EYES-MESAUDA-1670419934_2000x.jpg?v=1670419936', 'https://cdn.shopify.com/s/files/1/0584/8275/3705/products/GLAM-EYES-MESAUDA-1670419938_2000x.jpg?v=1670419940', 'Glam\'Eyes is a 12-colour eyeshadow palette in three different textures with extraordinary writing power and sensorial qualities. You can create ever-changing looks by choosing from a variety of matt, shimmer and duo-chrome textures and colours, and by balancing cool and warm tones.', 'Take a small amount of light-coloured eyeshadow with the E03/E04 flat bristle brush and apply to the entire eyelid, taking care to remove any excess powder on the back of the hand. To define the crease of the eyelid, apply a medium-coloured eyeshadow with the E01/E02 blending brush in circular movements. Apply and blend dark-coloured eyeshadows along the upper and lower lashline to give depth to the eyes. Apply shimmer eyeshadow to the centre of the eyelid for a 3D effect. Apply duo-chrome eyeshadow with your fingers for an ultra-shimmery effect.', 'CHIC - STYLISH - VOGUE - POSH: MICA, ZEA MAYS STARCH (ZEA MAYS (CORN) STARCH), SILICA, DIMETHICONE, CAPRYLYL GLYCOL, OCTYLDODECANOL, STEARYL STEARATE, CETYL PALMITATE, STEARYL PALMITATE, CETYL STEARATE, CERA ALBA (BEESWAX), METHICONE, MICROCRYSTALLINE WAX, BEHENIC ACID, STEARIC ACID. +/- (MAY CONTAIN): CI 77891/TITANIUM DIOXIDE, CI 16035/RED 40 LAKE, CI 77491/IRON OXIDES, CI 77492/IRON OXIDES, CI 42090/BLUE 1 LAKE, CI 77499/IRON OXIDES. ROMANCE: MICA, ZINC STEARATE, DIMETHICONE, OCTYLDODECYL STEAROYL STEARATE, CAPRYLYL GLYCOL', '- Matt, shimmer and duo-chrome textures;\r\n\r\n- Warm and cool tones;\r\n\r\n- Writing and sensorial.\r\n\r\nCruelty free. Paraben-free formula.'),
(32, 'PHYTO CORRECTIVE GEL', 'SkinCare', 17500, 'Images/phyto.png', 'https://static.thcdn.com/images/large/original//productimg/1600/1600/11289629-1544892771938209.jpg', 'https://scontent.fcmb1-2.fna.fbcdn.net/v/t1.6435-9/95311914_2870967339648501_6681236024552587264_n.jpg?_nc_cat=100&ccb=1-7&_nc_sid=973b4a&_nc_ohc=se_rHexDM8gAX-_2_ZW&_nc_ht=scontent.fcmb1-2.fna&oh=00_AfDI25p5PUe2DiMJX5bJv0UBikcWKl1tGftt5Gc1vnn8mg&oe=63E0976F', 'https://people.com/thmb/nSH46DCbFOq6CZIMluVZoCVIf0I=/1500x0/filters:no_upscale():max_bytes(150000):strip_icc():focal(314x389:316x391)/kristen-bell-corrective-gel-554592ccf0b84abfb37f1c526c3a7925.jpg', 'A hydrating, soothing gel serum with botanical ingredients ideal to calm and hydrate skin while improving visual redness', 'As needed, apply 2-3 drops to face, neck, and chest. Can be used on other areas of the body as needed. If using in the morning, apply after a SkinCeuticals vitamin C antioxidant serum and before a SkinCeuticals sunscreen. If using with a retinol at night, apply after retinol application.', 'AQUA / WATER / EAU, GLYCERIN, PROPYLENE GLYCOL, POLYSORBATE 80, PHENOXYETHANOL, SODIUM BENZOATE, SODIUM HYALURONATE, HYDROXYETHYLCELLULOSE, DISODIUM EDTA, OLEA EUROPAEA (OLIVE) LEAF EXTRACT, PARFUM / FRAGRANCE, BENZOPHENONE-4, BUTYLENE GLYCOL, CITRUS GRANDIS EXTRACT / GRAPEFRUIT FRUIT EXTRACT, CUCUMIS SATIVUS FRUIT EXTRACT / CUCUMBER FRUIT EXTRACT, BENZYL BENZOATE, CI 19140 / YELLOW 5,THYMUS VULGARIS FLOWER/LEAF EXTRACT - THYME FLOWER/LEAF EXTRACT, EUCALYPTUS GLOBULUS LEAF OIL, BENZYL ALCOHOL', 'Phyto Corrective Gel contains hyaluronic acid, cucumber, thyme, and other botanical ingredients, making it an ideal moisturizer for sensitive skin. It also features mulberry to help minimize the appearance of discoloration and promote a clear, fresh-looking complexion. This soothing gel is also an excellent moisturizer for acne-prone skin.'),
(33, 'Innocent White Lilac Perfumed Hand Cream', 'BathAndBody', 3500, 'Images/bath.png', 'https://media-asia-cdn.oriflame.com/productImage/?externalMediaId=product-management-media%2f43672%2f43672_2.png%3fversion%3d1615473090&w=60&h=60&bc=white&q=70', 'https://media-asia-cdn.oriflame.com/productImage/?externalMediaId=product-management-media%2f43672%2f43672_3.png%3fversion%3d1615473091&w=60&h=60&bc=white&q=70', 'https://media-asia-cdn.oriflame.com/productImage/?externalMediaId=product-management-media%2f43672%2f43672_4.png%3fversion%3d1615473091&w=60&h=60&bc=white&q=70', 'Pamper your hands with a cream that lingers the intoxicating scent of white lilacs in full bloom. This moisturising hand cream leaves the skin perfectly soft, smooth and delicately scented with a floral and feminine fragrance.', 'Squeeze a small amount of cream on your hands and massage into skin. Use throughout the day.', 'AQUA, GLYCERIN, ETHYLHEXYL PALMITATE, CETYL ALCOHOL, STEARYL ALCOHOL, PARFUM, GLYCERYL STEARATE SE, IMIDAZOLIDINYL UREA, METHYLPARABEN, CETEARETH-20, PRUNUS AMYGDALUS DULCIS OIL, CARBOMER, PROPYLPARABEN, STEARIC ACID, PALMITIC ACID, BENZYL SALICYLATE, SODIUM HYDROXIDE, LINALOOL, HYDROXYCITRONELLAL, TOCOPHERYL ACETATE, LIMONENE', 'A captivating, heady fragrance, evoking images of a resplendent garden at dawn’s crisp light. The floral, musky, white lilac scent opens with a blend of dewy Green Leaves, followed by a powdery heart of White Lilac, Watery Jasmine and Peony Petal, to finally settle on a velvety, woody Heliotrope base.'),
(34, 'Malibu Made Body Scrub', 'BathAndBody', 3400, 'Images/bodyscrub.png', 'https://cdn.shopify.com/s/files/1/2098/5213/products/2_2048x2048.jpg?v=1627507171', 'https://cdn.shopify.com/s/files/1/2098/5213/products/4-22_2048x2048.jpg?v=1627507331', 'https://cdn.shopify.com/s/files/1/2098/5213/products/5_2048x2048.jpg?v=1627507331', 'All natural vanilla brown sugar body exfoliator that gently removes dead skin cells and replenishes the skin with hydrating organic oils and food-grade vanilla', 'Scrub body lovingly in circular motions before rinsing. Can be used before or during shower or bath. ', 'Brown sugar, coconut oil*, sweet almond oil*, jojoba seed oil*, glyceryl behenate/eicosadioate, natural flavor, castor oil, glyceryl caprylate, and glyceryl undecylenate.', 'Scented with food grade vanilla flavors, the Malibu Made Body Scrub smells like a fresh baked cookie.  '),
(35, 'Amethyst Exfoliating Body Scrub', 'BathAndBody', 6590, 'Images/scrub2.png', 'https://m.media-amazon.com/images/I/81yZj37eaSL.jpg', 'https://cdn.shopify.com/s/files/1/0203/8454/products/Herbivore_AmethystBodyPolish_Main_450x450.jpg?v=1591819858', 'https://cdn.shopify.com/s/files/1/0203/8454/products/Herbivore_Amethyst_Body_Scrub_Texture.jpg?v=1633716656', 'Reveal silky-smooth skin with the Crystal Queen of Calmness. Gently exfoliating and purely magical, crushed amethyst gemstone combines with magnesium-rich salt, ultra-nourishing organic virgin coconut oil and night-blooming jasmine sambac to lavish your body with luxe moisture.', 'Massage a handful of Body Scrub all over the skin, focusing on any dry or rough areas.\r\n\r\nLet sit for 1-2 minutes for intense moisturization. Rinse off.\r\n\r\nImmediately after bathing, apply 2-3 pumps of Body Oil all over the skin.', 'Sucrose, Magnesium Sulfate, Cocos Nucifera (Coconut) Oil, Capric Triglycerides, Cetearyl Olivate, Butyrospermum Parkii (Shea) Butter, Limnanthes Alba (Meadowfoam) Seed Oil, Kaolin, Sorbitan Olivate, Amethyst Powder, Jasminum Sambac (Jasmine) Flower Extract, Eclipta Prostrata Extract, Melia Azadirachta Leaf Extract, Moringa Oleifera Seed Oil, Melia Azadirachta Leaf Extract, Amino Esters-1 (ex Mimosa Tenuiflora), Coccinia Indica Fruit Extract, Solanum Melongena (Eggplant) Fruit Extract', 'Inspired by the healing metaphysical properties of its namesake gemstone, Amethyst Body Scrub, infused with crushed amethyst powder, becomes a sacred component of your bathing ritual, bringing harmonizing benefits to increase your inner and outer beauty.\r\n\r\nScent: Jasmine with a hint of coconut\r\nTexture: Fine-grain scrub\r\nColor: Lilac'),
(36, 'Body Wash Lavender Citrus', 'BathAndBody', 6780, 'Images/bodywash.png', 'https://cdn.shopify.com/s/files/1/0532/7975/2357/products/Body-Wash_Website_4.jpg?crop=center&height=100&v=1664213610&width=100', 'https://cdn.shopify.com/s/files/1/0532/7975/2357/products/Lavender-Citrus-Body-Wash_Website_2.jpg?crop=center&height=800&v=1664213610&width=800', 'https://cdn.shopify.com/s/files/1/0532/7975/2357/products/Lavender-Citrus-Body-Wash_Website_3.jpg?crop=center&height=800&v=1664213604&width=800', 'Indulgently fragrant and completely natural, our Lavender Citrus Antibacterial Body Wash is a sure way to start your day or end your night off strong.', 'Hop in the shower!\r\nHave your favorite sponge, face cloth, or loofah handy (like our konjac body sponge!).\r\nApply a small amount of body wash to your tool of choice.\r\nGently apply body wash all over your body, starting at your neck and moving down.\r\nRinse off any remaining soap!\r\nPat your skin dry, and follow up with your favorite moisturizer or face oil. While our gentle body washes are safe to use on your face, you’ll get better results by pairing it with one of our natural facial cleansers.', 'Aqua, Saponified Oils of Helianthus Annuus (Sunflower) Seed Oil* and Cocos Nucifera (Coconut) Oil*, Water, Vegtable Glycerin*, Aloe Barbadensis (Aloe Vera) Leaf Juice*, Citrus Sinensis (Sweet Orange) Oil, Cyamopsis Tetragonoloba (Guar) Gum*, Lavandula Angustifolia (Lavender) Oil, Cananga Odorata (Ylang Ylang) Essential Oil, Citrus Tangerina (Tangerine Peel) Oil, Simmondsia Chinensis (Jojoba) Oil', 'Best clean ingredients\r\nRecyclable packaging\r\nPlastic Neutral partnership\r\nLeaping Bunny cruelty-free certified\r\nPowered by clean air\r\nMinimal Waste'),
(37, 'Aloe Vera Gel', 'BathAndBody', 4590, 'Images/suncream.png', 'https://cdn.shopify.com/s/files/1/0532/7975/2357/products/Aloe-Vera_Amazon_13.jpg?crop=center&height=800&v=1648572653&width=800', 'https://cdn.shopify.com/s/files/1/0532/7975/2357/products/Aloe-Vera_Amazon_4.jpg?crop=center&height=800&v=1648572647&width=800', 'https://cdn.shopify.com/s/files/1/0532/7975/2357/products/Aloe3-305310.png?crop=center&height=800&v=1648572643&width=800', 'Your skin works hard – give it a little something back with Beauty by Earth’s 98% Organic Aloe Vera Gel. It’s the next best thing to the plant itself, giving you a reliable and natural solution to life’s little irritations.', 'Use As Moisturizer!\r\nApply a thin layer of Aloe Vera Gel to the face before applying makeup, or to other parts of the body that need a bit of nourishing moisture.\r\n\r\n\r\n\r\n', 'Organic Aloe Barbadensis (Aloe Vera) Leaf Juice, Ascorbyl Glucoside (Vitamin C), Xanthan Gum, Radish Root Ferment Filtrate, Tocopherol (Vitamin E), Sodium Citrate.\r\n\r\n*Certified Organic Ingredients', 'Perfect for:\r\nSOOTHING BURNED, IRRITATED, OR ITCHY SKIN\r\nHYDRATING DRY SKIN AND HAIR\r\nBOOSTING SKIN\'S ELASTICITY\r\nREDUCING INFLAMMATION AND REDNESS'),
(38, 'Pink Clay Cleansing Bar Soap', 'BathAndBody', 3900, 'Images/soap.png', 'https://cdn.shopify.com/s/files/1/0203/8454/products/Herbivore_PinkClay_Soap_Texture_2.jpg?v=1633714747', 'https://cdn.shopify.com/s/files/1/0203/8454/products/Herbivore_PinkClay_Soap_Texture.jpg?v=1633714747', 'https://cdn.shopify.com/s/files/1/0203/8454/products/Herbivore_PinkClay_Soap_Ecomm.jpg?v=1633714747', 'French Pink Clay, a gentle clay known for drawing out impurities, cleanses without stripping or drying out your skin. A silky smooth lather helps soften both facial and body skin with a light citrus and floral scent. Each bar is unique and hand-crafted with love.', 'Lather between hands with water, and apply generously to face and body.\r\nFollow up with Pink Cloud and a Facial Oil.\r\nGentle enough to use daily.', 'Saponified Oils of Cocos nucifera (Coconut) Oil, Olea europaea (Olive) Fruit Oil, Elaeis guineensis (Sustainable Palm) Oil, Tocopherol (Vitamin E), Kaolinite (White Clay), Kaolin (French Pink Clay), Pelargonium Roseum asperum (Rose Geranium) Essential Oil, Citrus sinensis (Blood Orange) Essential Oil', 'Pink Clay Soap is suitable for all skin. Especially beneficial for dry and sensitive types. Can also be used as a body bar.'),
(39, 'Coco Rose Body Oil', 'BathAndBody', 7990, 'Images/bodyoil.png', 'https://cdn.shopify.com/s/files/1/0203/8454/products/Coco-Rose-P-Page-4.jpg?v=1623280419', 'https://cdn.shopify.com/s/files/1/0203/8454/products/Coco-Rose-P-Page-2.jpg?v=1623280419', 'https://cdn.shopify.com/s/files/1/0203/8454/products/Coco-Rose-P-Page-1.jpg?v=1623280419', 'Ultra-moisturizing and softly scented, Coco Rose Body Oil is a nourishing blend of virgin coconut oil, vegan squalane, and rose that leaves skin feeling silky-smooth with a soft, diffused glow.', 'Massage into clean skin. This oil is formulated to work best as a body product, not recommended for facial use\r\n\r\nWe recommend using SPF during the day, after use of this product, to help prevent sun damage\r\n\r\nRecommended with COCO ROSE Exfoliating Body Scrub to exfoliate and prep skin for moisture.', 'Squalane, Caprylic/Capric Triglyceride, Sesamum Indicum (Sesame) Seed Oil, Ubiquinone, Borago Officinalis Seed Oil, Tocopherol, Cocos Nucifera (Coconut) Fruit Extract, Rosa Damascena Flower Extract, Eclipta Prostrata Extract, Melia Azadirachta Leaf Extract, Moringa Oleifera Seed Oil, Citronellol, Geraniol, Eugenol, Limonene.  Ingredients in bold are certified organic.', 'Coco Rose Body Oil is designed for all skin types. \r\nTarget concerns:\r\n+ Dryness\r\n+ Dullness\r\nScent: Subtle Rose\r\nTexture: Lightweight oil\r\nColor: Rosé pink'),
(40, 'Coconut Milk Bath Soak', 'BathAndBody', 8950, 'Images/bathsoak.png', 'https://cdn.shopify.com/s/files/1/0203/8454/products/CocoMilkSoak_8oz_PDP_1600x2000_9245d6c9-e526-416d-b501-04fe2b36a1d2.jpg?v=1650872420', 'https://cdn.shopify.com/s/files/1/0203/8454/products/Herbivore_CoconutMilk_BathSoak_Texture.jpg?v=1650872420', 'https://cdn.shopify.com/s/files/1/0203/8454/products/1320-22C_HBV_HIR_COCONUT_BATH_8OZ_a57edcca-f9c1-49fc-8121-f054b569753c.jpg?v=1650872420', 'Look no further for the ultimate skin softening and hydrating bath. Deeply hydrating organic coconut milk is the basis of this luxurious and indulgent bath soak. Leaves skin feeling moisturized and silky-soft.', 'Add the desired amount to the bathtub under running water and disperse throughout the bath with your fingers. It is best to add this right before or when you are in the bath since the oils will vaporize when they make contact with the water. Inhale deeply and enjoy.', 'Sodium Bicarbonate, Cocos Nucifera (Coconut) Fruit Powder, Cocos Nucifera (Coconut) Fruit Extract, Vanilla Planifolia Fruit Oil', 'Coconut Milk Bath Soak is suitable for all skin.\r\nTarget concerns:\r\n+ Dryness\r\n+ Dullness\r\nScent: Tropical, coconut\r\nTexture: Fine powder\r\nColor: White'),
(41, 'CALM Soaking Salts', 'BathAndBody', 23700, 'Images/bathsalt.png', 'https://cdn.shopify.com/s/files/1/0203/8454/products/Herbivore_Calm_Bath_Soak_Salt_Texture.jpg?v=1633716035', 'https://cdn.shopify.com/s/files/1/0203/8454/products/Calm_4oz.jpg?v=1670976716', 'https://2.bp.blogspot.com/-EC9Sx11vlo4/WdcxRI1jyXI/AAAAAAAAAVM/l7U6X5L9zGIWdP9uG5ii70A2Yfay6SmUwCLcBGAs/s1600/Bath-Salts.jpg', 'Himalayan pink salt infuses bath water with vitamins and minerals. An aromatherapeutic blend of Ylang-Ylang and Vanilla calm the senses for a truly calming bathing experience.', 'Add about 1/4 of the bottle per bath and let dissolve for a minute or two before enjoying the aromatic experience.', 'Sodium Chloride (Pacific Sea Salt), Sodium Chloride (Pink Himalayan Salt), Kaolin, Cananga Odorata Flower Oil, Vanilla Planifolia Extract, Tocopherol', 'Calm Soaking Salts are suitable for all skin.\r\nTarget concerns:\r\n+ Dryness\r\n+ Aromatherapeutic benefits\r\nScent: Warm, vanilla and ylang-ylang\r\nTexture: Large grain salt\r\nColor: Pale pink, white'),
(42, 'ROYAL MIRAGE Night Eau De Cologne Spray', 'Men', 4900, 'Images/men1.png', 'https://cosmetics.lk/wp-content/uploads/2022/06/ROYAL-MIRAGE-Night-Eau-De-Cologne-Spray-120ml--150x150.jpeg', 'https://cosmetics.lk/wp-content/uploads/2022/06/Night-Eau-De-Cologne-600x750.jpeg', 'https://m.media-amazon.com/images/I/713XnxwO6uL._SL1500_.jpg', 'Royal Mirage Perfumes was launched in the fall of 1980 by owner Mahender M Sabhnani. With its initial launch of the iconic Royal Mirage Original fragrance, the company quickly established itself as a market leader.', 'hold the bottle at a distance of six inches from the skin. Then, spray it on your armpits, chest, and neck. Reapply your scent at any time of the day especially after exercising or playing sports.', 'Jasmine, Rose, Carnation, Iris, Tuberose, Ylang-Ylang', 'A truly classic, unisex fragrance. The essence of nightfall is captured in an alluring mix of evening rose, seductive iris, and delicate jasmine fused with luxurious sandalwood and whispers of sweet musk.'),
(43, 'BULLDOG ORIGINAL BEARD OIL 30ML', 'Men', 3950, 'Images/men2.png', 'https://cdn.shopify.com/s/files/1/0450/8093/6616/products/bulldog-original-beard-oil-30ml-hair-bulldog-orion-beauty-sri-lanka-963123_800x.jpg?v=1660812600', 'https://cdn.shopify.com/s/files/1/0450/8093/6616/products/bulldog-original-beard-oil-30ml-hair-bulldog-orion-beauty-sri-lanka-808437_300x.jpg?v=1660812220', 'https://cdn.shopify.com/s/files/1/0450/8093/6616/products/bulldog-original-beard-oil-hair-bulldog-orion-beauty-sri-lanka-691437_300x.jpg?v=1660810482', 'Bulldog Original Beard Oil is specially formulated with aloe vera, camelina oil and green tea to soften, tame and condition your beard.', 'Drop the desired amount of oil into palm. Apply evenly to facial hair and skin.', 'Helianthus annuus (Sunflower) seed oil, Prunus amygdalus dulcis (Sweet almond) oil, Cocos nucifera (Coconut) oil, Borago officinalis seed oil, Argania spinosa kernel oil, Simmondsia chinensis (Jojoba) seed oil, Camelina sativa seed oil, Parfum (Fragrance)*, Limonene, Caprylic/capric triglyceride, Glycine soja (Soybean) oil, Tocopherol, Evernia prunastri (Oakmoss) extract, Linalool, Citronellol, Geraniol, Aloe barbadensis leaf extract, Citral, Camellia sinensis (Green tea) leaf extract', 'Specially formulated to soften, tame and condition your beard'),
(44, 'INNISFREE FOREST FOR MEN SHAVING & CLEANSING FOAM', 'Men', 6690, 'Images/men3.png', 'https://cdn.shopify.com/s/files/1/0450/8093/6616/products/innisfree-forest-for-men-shaving-cleansing-foam-skin-care-innisfree-orion-beauty-sri-lanka-321985_300x.jpg?v=1664335503', 'https://cdn.shopify.com/s/files/1/0450/8093/6616/products/innisfree-forest-for-men-shaving-cleansing-foam-skin-care-innisfree-orion-beauty-sri-lanka-744161_800x.jpg?v=1664335503', 'https://cdn.shopify.com/s/files/1/0450/8093/6616/products/innisfree-forest-for-men-shaving-cleansing-foam-skin-care-innisfree-orion-beauty-sri-lanka-579539_800x.jpg?v=1664335503', 'A two-in-one cleansing foam formulated with black yeast - smooth shaving cream and cleansing foam with a fresh finish.', 'Squeeze onto clean hands and create a lather. Smoothly massage over the face and thoroughly rinse with lukewarm water afterward.', 'Water / Aqua / Eau, Glycerin, Myristic Acid, Potassium Hydroxide, Peg-32, Stearic Acid, Palmitic Acid, Glyceryl Stearate, Peg-100 Stearate, Lauric Acid, Lauryl Glucoside, Cocamidopropyl Betaine, Fragrance / Parfum, Polyquaternium-7, Sodium Methyl Cocoyl Taurate, Sodium Chloride, Menthol, Disodium Edta, Sodium Benzoate, Butylene Glycol, 1,2-hexanediol, Citric Acid, Aureobasidium Pullulans Ferment, Lactic Acid, Tetrasodium Edta, Ethylhexylglycerin', 'Soft lather forms and adheres tight to your face to reduce any irritation caused during shaving, only leaving smooth and clear skin.'),
(45, 'CREMO - ORIGINAL SHAVE CREAM', 'Men', 4590, 'Images/men4.png', 'https://cdn.shopify.com/s/files/1/0450/8093/6616/products/cremo-original-shave-cream-classic-cremo-orion-beauty-sri-lanka-725430_800x.jpg?v=1660907394', 'https://cdn.shopify.com/s/files/1/0450/8093/6616/products/cremo-original-shave-cream-classic-cremo-orion-beauty-sri-lanka-437790_800x.jpg?v=1660907288', 'https://cdn.shopify.com/s/files/1/0450/8093/6616/products/cremo-original-shave-cream-classic-cremo-orion-beauty-sri-lanka-337188_800x.jpg?v=1660907331', 'A Subtle Citrus Scent Makes For A Highly Bright, Fresh And Enjoyable Shave. Cremo Contains Unique Molecules That Become Impossibly Slick When Mixed With Water, So Your Blade Can Glide Effortlessly Over Skin. You\'ll Enjoy A Clean, Comfortable Shave And Astonishingly Smooth Skin While Fighting Nicks, Razor Burn And Irritation.', 'Rub skin with water for 30 seconds.\r\nLightly coat wet skin with almond-sized squeeze.\r\nUse virtually any blade.\r\nShave.\r\nAdd water as needed to keep it slippery.\r\nFight the burn.', 'Water, Sodium Cocoyl Isethionate, Stearic Acid, Cetearyl Alcohol, Glycol Distearate, Fragrance, Macadamia Ternifolia Seed Oil, Polyether-1, Hydroxypropyl Guar Hydroxypropyltrimonium Chloride, Allantoin, Aloe Barbadensis Leaf Juice, Calendula Officinalis Flower Extract, Xylitol, Citrus Limon (Lemon) Fruit Extract, Carica Papaya (Papaya) Fruit Extract, Olea Europaea (Olive) Leaf Extract, BHT, Perfluorodecalin, Phenoxyethanol, Ethylhexylglycerin, Titanium Dioxide, Citric Acid', 'Gives You A Close, Comfortable Shave'),
(46, 'CREMO - COOLING SHAVE CREAM', 'Men', 4800, 'https://cdn.shopify.com/s/files/1/0450/8093/6616/products/cremo-cooling-shave-cream-refreshing-mint-cremo-orion-beauty-sri-lanka-365881_300x.jpg?v=1660906818', 'https://cdn.shopify.com/s/files/1/0450/8093/6616/products/cremo-cooling-shave-cream-refreshing-mint-cremo-orion-beauty-sri-lanka-856267_300x.jpg?v=1660906816', 'https://cdn.shopify.com/s/files/1/0450/8093/6616/products/cremo-cooling-shave-cream-refreshing-mint-cremo-orion-beauty-sri-lanka-569576_300x.jpg?v=1660907420', 'https://cdn.shopify.com/s/files/1/0450/8093/6616/products/cremo-cooling-shave-cream-refreshing-mint-cremo-orion-beauty-sri-lanka-137742_300x.jpg?v=1660906816', 'Crisp and refreshing, our Cooling Shave Cream contains a lively blend of peppermint, menthol and tea tree oil to leave your skin cool and invigorated while fighting razor burn and irritation. Cremo contains unique molecules that become impossibly slick when mixed with water, so your blade can glide effortlessly over skin. You\'ll enjoy a clean, comfortable shave and astonishingly smooth skin.', 'Rub skin with water for 30 seconds\r\nLightly coat wet skin with almond-sized squeeze\r\nUse virtually any blade\r\nShave\r\nAdd water as needed to keep it slippery\r\nFight the burn', 'Water, Sodium Cocoyl Isethionate, Stearic Acid, Cetearyl Alcohol, Glycol Distearate, Macadamia Ternifolia Seed Oil, Mentha Piperita (Peppermint) Oil, Melaleuca Alternifolia (Tea Tree) Leaf Oil, Eucalyptus Globulus Leaf Oil, Menthol, Polyether-1, Hydroxypropyl Guar Hydroxypropyltrimonium Chloride', 'Gives you a close, comfortable shave\r\nImpossibly slick formula'),
(47, 'MESAUDA POKER FACE', 'Make-up', 14590, 'Images/facecolor.png', 'Images/facecolor2.png', 'https://cdn.shopify.com/s/files/1/0584/8275/3705/products/POKER-FACE-MESAUDA-1667563700_2000x.jpg?v=1667563702', 'https://cdn.shopify.com/s/files/1/0584/8275/3705/products/POKER-FACE-MESAUDA-1667563671_2000x.jpg?v=1667563673', 'Poker Face is the ideal multi-purpose palette for creating natural or sophisticated looks, depending on the desired effect. An essential must-have in a single, practical product. Lightweight, adjustable textures that blend perfectly together for a flawless complexion.', 'use a powder brush to take a small amount ofwarm Bronzing Powder taking care to wipe off any excess powder on the back of your hand, apply to the centre of the forehead, back of the nose, centre of the cheekbones, centre of the chin and blend outwards.', 'TALC, ZEA MAYS (CORN) STARCH, CI 77891/TITANIUM DIOXIDE, DIMETHICONE, CI 77492/IRON OXIDES, OCTYLDODECYL STEAROYL STEARATE, CI 77491/IRON OXIDES, CI 77499/IRON OXIDES, ZINC STEARATE, CAPRYLYL GLYCOL, MICA, ETHYLHEXYLGLYCERIN, DIMETHICONOL, TIN OXIDE', 'It contains a warmBronzing Powder to warm up the complexion, a coolBronzing Powder to sculpt the volumes, a blush to brighten up the face, a Highlighter to shine like a star. Available in 4 shades: Light, Medium, Tan and Dark.');

-- --------------------------------------------------------

--
-- Table structure for table `shippedorders`
--

CREATE TABLE `shippedorders` (
  `userEmail` varchar(200) NOT NULL,
  `orderID` int(11) NOT NULL,
  `Date` date NOT NULL
) ENGINE=InnoDB DEFAULT CHARSET=utf8mb4;

--
-- Dumping data for table `shippedorders`
--

INSERT INTO `shippedorders` (`userEmail`, `orderID`, `Date`) VALUES
('dinukaekanayaka18@gmail.com', 25, '2023-01-16'),
('dinukaekanayaka18@gmail.com', 27, '2023-01-16'),
('pramudithajayarathna@gmail.com', 15, '2023-01-09'),
('pramudithajayarathna@gmail.com', 16, '2023-01-08'),
('pramudithajayarathna@gmail.com', 18, '2023-01-09');

-- --------------------------------------------------------

--
-- Table structure for table `users`
--

CREATE TABLE `users` (
  `Email` text NOT NULL,
  `Fname` text NOT NULL,
  `Lname` text NOT NULL,
  `Password` text NOT NULL,
  `status` text NOT NULL
) ENGINE=InnoDB DEFAULT CHARSET=utf8mb4;

--
-- Dumping data for table `users`
--

INSERT INTO `users` (`Email`, `Fname`, `Lname`, `Password`, `status`) VALUES
('dinukaekanayaka18@gmail.com', 'Dinuka', 'Ekanayake', 'd5cfa9dc0e4f9e59fc706c45e2e1cd00', 'True'),
('pereradinithi99@gmail.com', 'Himani', 'Perera', 'adfda2d64e9e23d3010994dbcdb14d99', 'False'),
('pramudithajayarathna@gmail.com', 'M.P', 'Jayarathna', '827ccb0eea8a706c4c34a16891f84e7b', 'True');

--
-- Indexes for dumped tables
--

--
-- Indexes for table `admins`
--
ALTER TABLE `admins`
  ADD PRIMARY KEY (`Email`(20)),
  ADD UNIQUE KEY `Password` (`Password`(10));

--
-- Indexes for table `cart`
--
ALTER TABLE `cart`
  ADD PRIMARY KEY (`useremail`,`item_id`);

--
-- Indexes for table `paymentdetails`
--
ALTER TABLE `paymentdetails`
  ADD PRIMARY KEY (`order_num`);

--
-- Indexes for table `products`
--
ALTER TABLE `products`
  ADD PRIMARY KEY (`item_id`);

--
-- Indexes for table `shippedorders`
--
ALTER TABLE `shippedorders`
  ADD PRIMARY KEY (`userEmail`,`orderID`);

--
-- Indexes for table `users`
--
ALTER TABLE `users`
  ADD PRIMARY KEY (`Email`(20));

--
-- AUTO_INCREMENT for dumped tables
--

--
-- AUTO_INCREMENT for table `paymentdetails`
--
ALTER TABLE `paymentdetails`
  MODIFY `order_num` int(11) NOT NULL AUTO_INCREMENT, AUTO_INCREMENT=28;
COMMIT;

/*!40101 SET CHARACTER_SET_CLIENT=@OLD_CHARACTER_SET_CLIENT */;
/*!40101 SET CHARACTER_SET_RESULTS=@OLD_CHARACTER_SET_RESULTS */;
/*!40101 SET COLLATION_CONNECTION=@OLD_COLLATION_CONNECTION */;
